Sat Apr 07 00:03:23 CST 2018 , VERBOSE,"# 创建目录data #"
Sat Apr 07 00:03:23 CST 2018 , VERBOSE,"# 创建文件data #"
Sat Apr 07 00:03:58 CST 2018 , VERBOSE,"# 创建文件data #"
Sat Apr 07 00:04:08 CST 2018 , VERBOSE,"# 创建文件data #"
Sat Apr 07 23:05:57 CST 2018 , VERBOSE,"# 创建文件data #"
Sat Apr 07 23:05:57 CST 2018 , VERBOSE,"# 创建文件data #"
Sat Apr 07 23:05:57 CST 2018 , VERBOSE,"# 创建文件data #"
Sat Apr 07 23:27:41 CST 2018 , VERBOSE,"# 创建文件data #"
Sat Apr 07 23:37:05 CST 2018 , ERROR,"# 读对象异常 #"
Tue Apr 10 18:20:04 CST 2018 , ERROR,"# 读对象异常 #"
Tue Apr 10 18:20:04 CST 2018 , ERROR,"# 读对象异常 #"
Tue Apr 10 18:21:49 CST 2018 , VERBOSE,"# 创建目录data #"
Tue Apr 10 18:21:49 CST 2018 , VERBOSE,"# 创建文件data #"
Tue Apr 10 18:21:49 CST 2018 , VERBOSE,"# 创建文件data #"
Tue Apr 10 18:21:49 CST 2018 , VERBOSE,"# 创建文件data #"
Tue Apr 10 18:21:49 CST 2018 , VERBOSE,"# 创建文件data #"
Tue Apr 10 18:21:49 CST 2018 , VERBOSE,"# 创建文件data #"
Tue Apr 10 18:21:49 CST 2018 , VERBOSE,"# 创建文件data #"
Tue Apr 10 23:14:58 CST 2018 , VERBOSE,"# 创建目录task_result_TaskService for test #"
Tue Apr 10 23:32:41 CST 2018 , VERBOSE,"# 创建目录ret #"
Tue Apr 10 23:32:41 CST 2018 , VERBOSE,"# 创建文件ret #"
Tue Apr 10 23:32:42 CST 2018 , VERBOSE,"# 已上传文件:  ret/task_result_TaskService for test #"
Tue Apr 10 23:33:43 CST 2018 , VERBOSE,"# 已上传文件:  ret/task_result_TaskService for test #"
Wed Apr 11 00:13:33 CST 2018 , VERBOSE,"# 已上传文件:  ret/task_result_TaskService for test #"
Wed Apr 11 00:15:23 CST 2018 , VERBOSE,"# 创建目录data #"
Wed Apr 11 00:15:23 CST 2018 , VERBOSE,"# 创建文件data #"
Wed Apr 11 00:15:23 CST 2018 , VERBOSE,"# 创建文件data #"
Wed Apr 11 00:15:23 CST 2018 , VERBOSE,"# 创建文件data #"
Wed Apr 11 00:15:23 CST 2018 , VERBOSE,"# 创建文件data #"
Wed Apr 11 00:15:23 CST 2018 , VERBOSE,"# 创建文件data #"
Wed Apr 11 00:15:23 CST 2018 , VERBOSE,"# 创建文件data #"
Wed Apr 11 00:15:53 CST 2018 , VERBOSE,"# 创建目录data #"
Wed Apr 11 00:15:53 CST 2018 , VERBOSE,"# 创建文件data #"
Wed Apr 11 00:15:55 CST 2018 , VERBOSE,"# 创建文件data #"
Wed Apr 11 00:15:55 CST 2018 , VERBOSE,"# 创建文件data #"
Wed Apr 11 00:15:55 CST 2018 , VERBOSE,"# 创建文件data #"
Wed Apr 11 00:15:55 CST 2018 , VERBOSE,"# 创建文件data #"
Wed Apr 11 00:15:55 CST 2018 , VERBOSE,"# 创建文件data #"
Wed Apr 11 00:15:58 CST 2018 , VERBOSE,"# 已上传文件:  ret/task_result_TaskService for test #"
Wed Apr 11 00:16:17 CST 2018 , VERBOSE,"# 已上传文件:  ret/task_result_TaskService for test #"
Wed Apr 11 00:17:47 CST 2018 , VERBOSE,"# 已上传文件:  ret/task_result_TaskService for test #"
Wed Apr 11 00:32:41 CST 2018 , VERBOSE,"# 创建目录data #"
Wed Apr 11 00:32:41 CST 2018 , VERBOSE,"# 创建文件data #"
Wed Apr 11 00:32:42 CST 2018 , VERBOSE,"# 创建文件data #"
Wed Apr 11 00:32:42 CST 2018 , VERBOSE,"# 创建文件data #"
Wed Apr 11 00:32:42 CST 2018 , VERBOSE,"# 创建文件data #"
Wed Apr 11 00:32:42 CST 2018 , VERBOSE,"# 创建文件data #"
Wed Apr 11 00:32:42 CST 2018 , VERBOSE,"# 创建文件data #"
Wed Apr 11 00:32:44 CST 2018 , VERBOSE,"# 创建目录ret #"
Wed Apr 11 00:32:44 CST 2018 , VERBOSE,"# 创建文件ret #"
Wed Apr 11 00:32:45 CST 2018 , VERBOSE,"# 已上传文件:  ret/task_result_TaskService for test #"
Wed Apr 11 00:33:25 CST 2018 , VERBOSE,"# 创建目录data #"
Wed Apr 11 00:33:25 CST 2018 , VERBOSE,"# 创建文件data #"
Wed Apr 11 00:34:57 CST 2018 , VERBOSE,"# 创建文件data #"
Wed Apr 11 00:35:08 CST 2018 , VERBOSE,"# 创建文件data #"
Wed Apr 11 00:35:08 CST 2018 , VERBOSE,"# 创建文件data #"
Wed Apr 11 00:35:08 CST 2018 , VERBOSE,"# 创建文件data #"
Wed Apr 11 00:35:08 CST 2018 , VERBOSE,"# 创建文件data #"
Wed Apr 11 00:35:42 CST 2018 , VERBOSE,"# 创建目录data #"
Wed Apr 11 00:35:42 CST 2018 , VERBOSE,"# 创建文件data #"
Wed Apr 11 00:35:42 CST 2018 , VERBOSE,"# 创建文件data #"
Wed Apr 11 00:35:42 CST 2018 , VERBOSE,"# 创建文件data #"
Wed Apr 11 00:35:42 CST 2018 , VERBOSE,"# 创建文件data #"
Wed Apr 11 00:35:42 CST 2018 , VERBOSE,"# 创建文件data #"
Wed Apr 11 00:35:42 CST 2018 , VERBOSE,"# 创建文件data #"
Wed Apr 11 00:38:59 CST 2018 , VERBOSE,"# 创建目录data #"
Wed Apr 11 00:38:59 CST 2018 , VERBOSE,"# 创建文件data #"
Wed Apr 11 00:39:00 CST 2018 , VERBOSE,"# 创建文件data #"
Wed Apr 11 00:39:00 CST 2018 , VERBOSE,"# 创建文件data #"
Wed Apr 11 00:39:00 CST 2018 , VERBOSE,"# 创建文件data #"
Wed Apr 11 00:39:00 CST 2018 , VERBOSE,"# 创建文件data #"
Wed Apr 11 00:39:00 CST 2018 , VERBOSE,"# 创建文件data #"
Wed Apr 11 00:39:02 CST 2018 , VERBOSE,"# 创建目录ret #"
Wed Apr 11 00:39:02 CST 2018 , VERBOSE,"# 创建文件ret #"
Wed Apr 11 00:39:03 CST 2018 , VERBOSE,"# 已上传文件:  ret/task_result_TaskService for test #"
Wed Apr 11 00:42:28 CST 2018 , VERBOSE,"# 创建目录data #"
Wed Apr 11 00:42:28 CST 2018 , VERBOSE,"# 创建文件data #"
Wed Apr 11 00:42:30 CST 2018 , VERBOSE,"# 创建文件data #"
Wed Apr 11 00:42:30 CST 2018 , VERBOSE,"# 创建文件data #"
Wed Apr 11 00:42:30 CST 2018 , VERBOSE,"# 创建文件data #"
Wed Apr 11 00:42:30 CST 2018 , VERBOSE,"# 创建文件data #"
Wed Apr 11 00:42:30 CST 2018 , VERBOSE,"# 创建文件data #"
Wed Apr 11 00:42:32 CST 2018 , VERBOSE,"# 创建目录ret #"
Wed Apr 11 00:42:32 CST 2018 , VERBOSE,"# 创建文件ret #"
Wed Apr 11 00:42:32 CST 2018 , VERBOSE,"# 已上传文件:  ret/task_result_TaskService for test #"
Wed Apr 11 00:43:36 CST 2018 , VERBOSE,"# 创建目录data #"
Wed Apr 11 00:43:36 CST 2018 , VERBOSE,"# 创建文件data #"
Wed Apr 11 00:43:38 CST 2018 , VERBOSE,"# 创建文件data #"
Wed Apr 11 00:43:38 CST 2018 , VERBOSE,"# 创建文件data #"
Wed Apr 11 00:43:38 CST 2018 , VERBOSE,"# 创建文件data #"
Wed Apr 11 00:43:38 CST 2018 , VERBOSE,"# 创建文件data #"
Wed Apr 11 00:43:38 CST 2018 , VERBOSE,"# 创建文件data #"
Wed Apr 11 00:43:40 CST 2018 , VERBOSE,"# 创建目录ret #"
Wed Apr 11 00:43:40 CST 2018 , VERBOSE,"# 创建文件ret #"
Wed Apr 11 00:43:40 CST 2018 , VERBOSE,"# 已上传文件:  ret/task_result_TaskService for test #"
Wed Apr 11 00:45:01 CST 2018 , VERBOSE,"# 创建目录data #"
Wed Apr 11 00:45:01 CST 2018 , VERBOSE,"# 创建文件data #"
Wed Apr 11 00:45:03 CST 2018 , VERBOSE,"# 创建文件data #"
Wed Apr 11 00:45:03 CST 2018 , VERBOSE,"# 创建文件data #"
Wed Apr 11 00:45:03 CST 2018 , VERBOSE,"# 创建文件data #"
Wed Apr 11 00:45:03 CST 2018 , VERBOSE,"# 创建文件data #"
Wed Apr 11 00:45:03 CST 2018 , VERBOSE,"# 创建文件data #"
Wed Apr 11 00:45:05 CST 2018 , VERBOSE,"# 创建目录ret #"
Wed Apr 11 00:45:05 CST 2018 , VERBOSE,"# 创建文件ret #"
Wed Apr 11 00:45:06 CST 2018 , VERBOSE,"# 已上传文件:  ret/task_result_TaskService for test #"
Wed Apr 11 00:46:08 CST 2018 , VERBOSE,"# 创建目录data #"
Wed Apr 11 00:46:08 CST 2018 , VERBOSE,"# 创建文件data #"
Wed Apr 11 00:46:10 CST 2018 , VERBOSE,"# 创建文件data #"
Wed Apr 11 00:46:10 CST 2018 , VERBOSE,"# 创建文件data #"
Wed Apr 11 00:46:10 CST 2018 , VERBOSE,"# 创建文件data #"
Wed Apr 11 00:46:10 CST 2018 , VERBOSE,"# 创建文件data #"
Wed Apr 11 00:46:10 CST 2018 , VERBOSE,"# 创建文件data #"
Wed Apr 11 00:46:12 CST 2018 , VERBOSE,"# 创建目录ret #"
Wed Apr 11 00:46:12 CST 2018 , VERBOSE,"# 创建文件ret #"
Wed Apr 11 00:46:12 CST 2018 , VERBOSE,"# 已上传文件:  ret/task_result_TaskService for test #"
Wed Apr 11 00:47:38 CST 2018 , VERBOSE,"# 创建目录data #"
Wed Apr 11 00:47:38 CST 2018 , VERBOSE,"# 创建文件data #"
Wed Apr 11 00:47:40 CST 2018 , VERBOSE,"# 创建文件data #"
Wed Apr 11 00:47:40 CST 2018 , VERBOSE,"# 创建文件data #"
Wed Apr 11 00:47:40 CST 2018 , VERBOSE,"# 创建文件data #"
Wed Apr 11 00:47:40 CST 2018 , VERBOSE,"# 创建文件data #"
Wed Apr 11 00:47:40 CST 2018 , VERBOSE,"# 创建文件data #"
Wed Apr 11 00:47:42 CST 2018 , VERBOSE,"# 创建目录ret #"
Wed Apr 11 00:47:42 CST 2018 , VERBOSE,"# 创建文件ret #"
Wed Apr 11 00:47:42 CST 2018 , VERBOSE,"# 已上传文件:  ret/task_result_TaskService for test #"
Sat Apr 14 23:09:58 CST 2018 , ERROR,"# 读对象异常 #"
Sat Apr 14 23:33:19 CST 2018 , ERROR,"# 读对象异常 #"
Sun Apr 15 15:13:39 CST 2018 , ERROR,"# 读对象异常 #"
Sun Apr 15 17:04:34 CST 2018 , ERROR,"# 读对象异常 #"
Tue Apr 17 19:29:41 CST 2018 , ERROR,"# 读对象异常 #"
Tue Apr 17 19:47:00 CST 2018 , ERROR,"# 读对象异常 #"
Tue Apr 17 19:49:27 CST 2018 , ERROR,"# 读对象异常 #"
Tue Apr 17 19:51:56 CST 2018 , ERROR,"# 读对象异常 #"
Tue Apr 17 20:52:50 CST 2018 , ERROR,"# 读对象异常 #"
Tue Apr 17 21:11:13 CST 2018 , ERROR,"# 读对象异常 #"
Tue Apr 17 21:26:01 CST 2018 , ERROR,"# 读对象异常 #"
Tue Apr 17 21:26:34 CST 2018 , VERBOSE,"# 创建目录data #"
Tue Apr 17 21:26:34 CST 2018 , VERBOSE,"# 创建文件data #"
Tue Apr 17 21:26:34 CST 2018 , VERBOSE,"# 创建文件data #"
Tue Apr 17 21:26:34 CST 2018 , VERBOSE,"# 创建文件data #"
Tue Apr 17 21:26:34 CST 2018 , VERBOSE,"# 创建文件data #"
Tue Apr 17 21:26:34 CST 2018 , VERBOSE,"# 创建文件data #"
Tue Apr 17 21:26:34 CST 2018 , VERBOSE,"# 创建文件data #"
Tue Apr 17 21:39:49 CST 2018 , ERROR,"# 读对象异常 #"
Thu Apr 19 22:59:22 CST 2018 , VERBOSE,"# 创建目录data #"
Thu Apr 19 22:59:22 CST 2018 , VERBOSE,"# 创建文件data #"
Thu Apr 19 22:59:22 CST 2018 , VERBOSE,"# 创建文件data #"
Thu Apr 19 23:02:27 CST 2018 , VERBOSE,"# 创建文件data #"
Thu Apr 19 23:02:27 CST 2018 , VERBOSE,"# 创建文件data #"
Thu Apr 19 23:02:27 CST 2018 , VERBOSE,"# 创建文件data #"
Thu Apr 19 23:02:27 CST 2018 , VERBOSE,"# 创建文件data #"
Fri Apr 20 00:06:09 CST 2018 , VERBOSE,"# 创建目录data #"
Fri Apr 20 00:06:09 CST 2018 , VERBOSE,"# 创建文件data #"
Fri Apr 20 00:06:09 CST 2018 , VERBOSE,"# 创建文件data #"
Fri Apr 20 00:06:09 CST 2018 , VERBOSE,"# 创建文件data #"
Fri Apr 20 00:06:09 CST 2018 , VERBOSE,"# 创建文件data #"
Fri Apr 20 00:06:09 CST 2018 , VERBOSE,"# 创建文件data #"
Fri Apr 20 00:06:09 CST 2018 , VERBOSE,"# 创建文件data #"
Fri Apr 20 23:59:08 CST 2018 , VERBOSE,"# 创建目录data #"
Fri Apr 20 23:59:08 CST 2018 , VERBOSE,"# 创建文件data #"
Fri Apr 20 23:59:08 CST 2018 , VERBOSE,"# 创建文件data #"
Fri Apr 20 23:59:08 CST 2018 , VERBOSE,"# 创建文件data #"
Fri Apr 20 23:59:08 CST 2018 , VERBOSE,"# 创建文件data #"
Fri Apr 20 23:59:08 CST 2018 , VERBOSE,"# 创建文件data #"
Fri Apr 20 23:59:08 CST 2018 , VERBOSE,"# 创建文件data #"
Sat Apr 21 00:01:08 CST 2018 , VERBOSE,"# 创建目录data #"
Sat Apr 21 00:01:08 CST 2018 , VERBOSE,"# 创建文件data #"
Sat Apr 21 00:01:08 CST 2018 , VERBOSE,"# 创建文件data #"
Sat Apr 21 00:16:33 CST 2018 , VERBOSE,"# 创建文件data #"
Sat Apr 21 00:16:33 CST 2018 , VERBOSE,"# 创建文件data #"
Sat Apr 21 00:16:33 CST 2018 , VERBOSE,"# 创建文件data #"
Sat Apr 21 00:16:33 CST 2018 , VERBOSE,"# 创建文件data #"
Wed Apr 25 23:19:20 CST 2018 , VERBOSE,"# 创建文件data #"
Wed Apr 25 23:33:52 CST 2018 , VERBOSE,"# 创建目录ret #"
Wed Apr 25 23:33:52 CST 2018 , VERBOSE,"# 创建文件ret #"
Wed Apr 25 23:33:53 CST 2018 , VERBOSE,"# 已上传文件:  ret/task_result_测试任务 #"
Wed Apr 25 23:49:14 CST 2018 , VERBOSE,"# 创建文件ret #"
Wed Apr 25 23:49:14 CST 2018 , VERBOSE,"# 已上传文件:  ret/task_result_测试 #"
Sat Apr 28 00:19:27 CST 2018 , VERBOSE,"# 创建文件data #"
Sat Apr 28 21:17:37 CST 2018 , VERBOSE,"# 创建目录data #"
Sat Apr 28 21:17:37 CST 2018 , VERBOSE,"# 创建文件data #"
Sat Apr 28 21:17:37 CST 2018 , VERBOSE,"# 创建文件data #"
Sat Apr 28 21:17:37 CST 2018 , VERBOSE,"# 创建文件data #"
Sat Apr 28 21:17:37 CST 2018 , VERBOSE,"# 创建文件data #"
Sat Apr 28 21:17:37 CST 2018 , VERBOSE,"# 创建文件data #"
Sat Apr 28 21:17:37 CST 2018 , VERBOSE,"# 创建文件data #"
Sat Apr 28 21:17:37 CST 2018 , VERBOSE,"# 创建文件data #"
Sat Apr 28 21:17:37 CST 2018 , VERBOSE,"# 创建文件data #"
Sat Apr 28 21:20:03 CST 2018 , VERBOSE,"# 创建目录data #"
Sat Apr 28 21:20:03 CST 2018 , VERBOSE,"# 创建文件data #"
Sat Apr 28 21:20:03 CST 2018 , VERBOSE,"# 创建文件data #"
Sat Apr 28 21:20:03 CST 2018 , VERBOSE,"# 创建文件data #"
Sat Apr 28 21:20:03 CST 2018 , VERBOSE,"# 创建文件data #"
Sat Apr 28 21:20:03 CST 2018 , VERBOSE,"# 创建文件data #"
Sat Apr 28 21:20:03 CST 2018 , VERBOSE,"# 创建文件data #"
Sat Apr 28 21:20:03 CST 2018 , VERBOSE,"# 创建文件data #"
Sat Apr 28 21:20:03 CST 2018 , VERBOSE,"# 创建文件data #"
Sat Apr 28 21:29:29 CST 2018 , VERBOSE,"# 创建目录data #"
Sat Apr 28 21:29:29 CST 2018 , VERBOSE,"# 创建文件data #"
Sat Apr 28 21:29:29 CST 2018 , VERBOSE,"# 创建文件data #"
Sat Apr 28 21:29:29 CST 2018 , VERBOSE,"# 创建文件data #"
Sat Apr 28 21:29:29 CST 2018 , VERBOSE,"# 创建文件data #"
Sat Apr 28 21:29:29 CST 2018 , VERBOSE,"# 创建文件data #"
Sat Apr 28 21:29:29 CST 2018 , VERBOSE,"# 创建文件data #"
Sat Apr 28 21:29:29 CST 2018 , VERBOSE,"# 创建文件data #"
Sat Apr 28 21:29:29 CST 2018 , VERBOSE,"# 创建文件data #"
Sat Apr 28 22:40:32 CST 2018 , VERBOSE,"# 创建目录data #"
Sat Apr 28 22:40:32 CST 2018 , VERBOSE,"# 创建文件data #"
Sat Apr 28 22:40:32 CST 2018 , VERBOSE,"# 创建文件data #"
Sat Apr 28 22:40:32 CST 2018 , VERBOSE,"# 创建文件data #"
Sat Apr 28 22:40:32 CST 2018 , VERBOSE,"# 创建文件data #"
Sat Apr 28 22:40:32 CST 2018 , VERBOSE,"# 创建文件data #"
Sat Apr 28 22:40:32 CST 2018 , VERBOSE,"# 创建文件data #"
Sat Apr 28 22:40:32 CST 2018 , VERBOSE,"# 创建文件data #"
Sat Apr 28 22:40:32 CST 2018 , VERBOSE,"# 创建文件data #"
Sat Apr 28 22:52:11 CST 2018 , VERBOSE,"# 创建目录data #"
Sat Apr 28 22:52:12 CST 2018 , VERBOSE,"# 创建文件data #"
Sat Apr 28 22:52:13 CST 2018 , VERBOSE,"# 创建文件data #"
Sat Apr 28 22:52:13 CST 2018 , VERBOSE,"# 创建文件data #"
Sat Apr 28 22:52:13 CST 2018 , VERBOSE,"# 创建文件data #"
Sat Apr 28 22:52:13 CST 2018 , VERBOSE,"# 创建文件data #"
Sat Apr 28 22:52:13 CST 2018 , VERBOSE,"# 创建文件data #"
Sat Apr 28 22:52:13 CST 2018 , VERBOSE,"# 创建文件data #"
Sat Apr 28 22:52:13 CST 2018 , VERBOSE,"# 创建文件data #"
Sat Apr 28 23:20:24 CST 2018 , VERBOSE,"# 创建文件data #"
Sun Apr 29 02:08:10 CST 2018 , VERBOSE,"# 创建文件data #"
Sun Apr 29 23:15:45 CST 2018 , VERBOSE,"# 创建目录ret #"
Sun Apr 29 23:15:45 CST 2018 , VERBOSE,"# 创建文件ret #"
Sun Apr 29 23:15:45 CST 2018 , VERBOSE,"# 已上传文件:  ret/task_result_CKASmC474eNMdmYc #"
Sun Apr 29 23:18:26 CST 2018 , VERBOSE,"# 创建文件ret #"
Sun Apr 29 23:18:27 CST 2018 , VERBOSE,"# 已上传文件:  ret/task_result_PAthmk7r2czEnyEW #"
Mon Apr 30 00:21:25 CST 2018 , VERBOSE,"# 创建文件ret #"
Mon Apr 30 00:21:25 CST 2018 , VERBOSE,"# 已上传文件:  ret/task_result_xz6sHKnZDkKzfZE2 #"
Wed May 02 00:03:34 CST 2018 , VERBOSE,"# 创建文件ret #"
Wed May 02 00:06:31 CST 2018 , VERBOSE,"# 已上传文件:  ret/task_result_wiy8wjpJc55fK3Tj #"
Wed May 02 00:13:15 CST 2018 , VERBOSE,"# 已上传文件:  ret/task_result_wiy8wjpJc55fK3Tj #"
Wed May 02 00:27:53 CST 2018 , VERBOSE,"# 已上传文件:  ret/task_result_wiy8wjpJc55fK3Tj #"
Wed May 02 00:29:49 CST 2018 , VERBOSE,"# 已上传文件:  ret/task_result_wiy8wjpJc55fK3Tj #"
Wed May 02 00:31:26 CST 2018 , VERBOSE,"# 已上传文件:  ret/task_result_wiy8wjpJc55fK3Tj #"
Wed May 02 00:33:22 CST 2018 , VERBOSE,"# 已上传文件:  ret/task_result_wiy8wjpJc55fK3Tj #"
Wed May 02 00:34:57 CST 2018 , VERBOSE,"# 已上传文件:  ret/task_result_wiy8wjpJc55fK3Tj #"
Wed May 02 00:37:26 CST 2018 , VERBOSE,"# 已上传文件:  ret/task_result_wiy8wjpJc55fK3Tj #"
